{
  "avg_e2x_entail_prob": 0.2922172341631016,
  "avg_x2e_entail_prob": 0.20099019596142517
}