{
  "avg_e2x_entail_prob": 0.20161376069214695,
  "avg_x2e_entail_prob": 0.07199664945671584
}