{
  "avg_e2x_entail_prob": 0.45373129397274653,
  "avg_x2e_entail_prob": 0.07653361810366595
}