{
  "avg_e2x_entail_prob": 0.37469864995346314,
  "avg_x2e_entail_prob": 0.19820402444495508
}