{
  "avg_e2x_entail_prob": 0.23395359373333433,
  "avg_x2e_entail_prob": 0.09371940559588328
}