{
  "avg_e2x_entail_prob": 0.3794285065640165,
  "avg_x2e_entail_prob": 0.2161202088352631
}