{
  "avg_e2x_entail_prob": 0.37180003859101723,
  "avg_x2e_entail_prob": 0.2401786406408565
}