{
  "avg_e2x_entail_prob": 0.34391362523853075,
  "avg_x2e_entail_prob": 0.08310324884248406
}