{
  "avg_e2x_entail_prob": 0.24613409509053344,
  "avg_x2e_entail_prob": 0.15955827598809838
}