{
  "avg_e2x_entail_prob": 0.16858572925667012,
  "avg_x2e_entail_prob": 0.06518980157518982
}