{
  "avg_e2x_entail_prob": 0.39603144606662977,
  "avg_x2e_entail_prob": 0.054448000416094045
}