{
  "avg_e2x_entail_prob": 0.26751006262444627,
  "avg_x2e_entail_prob": 0.08234244432421887
}