{
  "avg_e2x_entail_prob": 0.28455569718959656,
  "avg_x2e_entail_prob": 0.07814140973226466
}