{
  "avg_e2x_entail_prob": 0.39265116175141945,
  "avg_x2e_entail_prob": 0.07965306750176872
}