{
  "avg_e2x_entail_prob": 0.4533842832784185,
  "avg_x2e_entail_prob": 0.08593765116447556
}