{
  "avg_e2x_entail_prob": 0.7365654185414314,
  "avg_x2e_entail_prob": 0.25190862378804013
}