{
  "avg_e2x_entail_prob": 0.5895677332999185,
  "avg_x2e_entail_prob": 0.2015648520551622
}